Scenario,Prediction,Confidence,Ground Truth,Status,PCWP,PCWP_col,PCWP_selected_prob,CO,CO_col,CO_selected_prob,BP,BP_col,BP_selected_prob,CVP,CVP_col,CVP_selected_prob,LVEDVOLUME,LVEDVOLUME_col,LVEDVOLUME_selected_prob,STROKEVOLUME,STROKEVOLUME_col,STROKEVOLUME_selected_prob,HYPOVOLEMIA,HYPOVOLEMIA_col,HYPOVOLEMIA_selected_prob
679,No_Hypovolemia,0.9940291382114305,No_Hypovolemia,SUCCESS,NORMAL,1,0.95,HIGH,7,0.95,HIGH,7,0.75,NORMAL,1,0.95,NORMAL,3,0.9,NORMAL,3,0.9,No_Hypovolemia,0,0.92
694,No_Hypovolemia,0.9870893888418861,No_Hypovolemia,SUCCESS,NORMAL,1,0.95,HIGH,7,0.95,LOW,7,0.05,NORMAL,1,0.95,NORMAL,3,0.9,NORMAL,3,0.9,No_Hypovolemia,0,0.92
611,Hypovolemia,0.5204062970894376,Hypovolemia,FAILURE,HIGH,2,0.95,LOW,6,0.8,LOW,1,0.98,NORMAL,2,0.29,HIGH,1,0.9,LOW,1,0.5,Hypovolemia,0,0.08
50,Hypovolemia,0.5285791743714854,Hypovolemia,FAILURE,HIGH,2,0.95,LOW,6,0.8,NORMAL,1,0.01,NORMAL,2,0.29,HIGH,1,0.9,LOW,1,0.5,Hypovolemia,0,0.08
1292,No_Hypovolemia,0.9795145020600625,No_Hypovolemia,SUCCESS,LOW,1,0.04,HIGH,7,0.95,HIGH,7,0.75,LOW,1,0.04,NORMAL,3,0.9,NORMAL,3,0.9,No_Hypovolemia,0,0.92
487,No_Hypovolemia,0.9779098229365355,No_Hypovolemia,SUCCESS,LOW,1,0.04,HIGH,7,0.95,HIGH,7,0.75,LOW,1,0.04,NORMAL,3,0.9,NORMAL,3,0.9,No_Hypovolemia,0,0.92
549,No_Hypovolemia,0.9825589917552293,No_Hypovolemia,SUCCESS,NORMAL,1,0.95,HIGH,7,0.95,LOW,7,0.05,NORMAL,1,0.95,NORMAL,3,0.9,NORMAL,3,0.9,No_Hypovolemia,0,0.92
941,No_Hypovolemia,0.9904841957249404,No_Hypovolemia,SUCCESS,LOW,1,0.04,HIGH,7,0.95,HIGH,7,0.75,NORMAL,1,0.95,NORMAL,3,0.9,NORMAL,3,0.9,No_Hypovolemia,0,0.92
79,No_Hypovolemia,0.9455498923190178,No_Hypovolemia,SUCCESS,LOW,1,0.04,HIGH,7,0.95,LOW,7,0.05,LOW,1,0.04,NORMAL,3,0.9,NORMAL,3,0.9,No_Hypovolemia,0,0.92
507,No_Hypovolemia,0.9776894179746944,No_Hypovolemia,SUCCESS,LOW,1,0.04,HIGH,7,0.95,NORMAL,7,0.2,NORMAL,1,0.95,NORMAL,3,0.9,NORMAL,3,0.9,No_Hypovolemia,0,0.92
211,Hypovolemia,0.6183749146481143,Hypovolemia,SUCCESS,HIGH,2,0.95,LOW,6,0.8,LOW,1,0.98,HIGH,2,0.7,HIGH,1,0.9,LOW,1,0.5,Hypovolemia,0,0.08
185,No_Hypovolemia,0.5224971263171476,Hypovolemia,FAILURE,HIGH,2,0.95,LOW,6,0.8,HIGH,1,0.01,HIGH,2,0.7,HIGH,1,0.9,LOW,1,0.5,Hypovolemia,0,0.08
486,No_Hypovolemia,0.5240503808043475,Hypovolemia,FAILURE,HIGH,2,0.95,LOW,6,0.8,HIGH,1,0.01,HIGH,2,0.7,HIGH,1,0.9,LOW,1,0.5,Hypovolemia,0,0.08
452,No_Hypovolemia,0.9888990756921443,No_Hypovolemia,SUCCESS,NORMAL,1,0.95,HIGH,7,0.95,NORMAL,7,0.2,NORMAL,1,0.95,NORMAL,3,0.9,NORMAL,3,0.9,No_Hypovolemia,0,0.92
1106,Hypovolemia,0.6622416371003247,Hypovolemia,SUCCESS,HIGH,2,0.95,LOW,6,0.8,LOW,1,0.98,HIGH,2,0.7,HIGH,1,0.9,LOW,1,0.5,Hypovolemia,0,0.08
888,No_Hypovolemia,0.9924031950762853,No_Hypovolemia,SUCCESS,NORMAL,1,0.95,HIGH,7,0.95,HIGH,7,0.75,LOW,1,0.04,NORMAL,3,0.9,NORMAL,3,0.9,No_Hypovolemia,0,0.92
891,No_Hypovolemia,0.9940615966769972,No_Hypovolemia,SUCCESS,NORMAL,1,0.95,HIGH,7,0.95,HIGH,7,0.75,NORMAL,1,0.95,NORMAL,3,0.9,NORMAL,3,0.9,No_Hypovolemia,0,0.92
731,No_Hypovolemia,0.9852288912647786,No_Hypovolemia,SUCCESS,NORMAL,1,0.95,HIGH,7,0.95,LOW,7,0.05,NORMAL,1,0.95,NORMAL,3,0.9,NORMAL,3,0.9,No_Hypovolemia,0,0.92
1276,No_Hypovolemia,0.5207113227124454,Hypovolemia,FAILURE,HIGH,2,0.95,LOW,6,0.8,HIGH,1,0.01,HIGH,2,0.7,HIGH,1,0.9,LOW,1,0.5,Hypovolemia,0,0.08
287,Hypovolemia,0.6927665471863116,Hypovolemia,SUCCESS,HIGH,2,0.95,LOW,6,0.8,LOW,1,0.98,HIGH,2,0.7,HIGH,1,0.9,LOW,1,0.5,Hypovolemia,0,0.08
904,No_Hypovolemia,0.983837917256539,No_Hypovolemia,SUCCESS,NORMAL,1,0.95,HIGH,7,0.95,LOW,7,0.05,LOW,1,0.04,NORMAL,3,0.9,NORMAL,3,0.9,No_Hypovolemia,0,0.92
706,No_Hypovolemia,0.9713244209593871,No_Hypovolemia,SUCCESS,LOW,1,0.04,HIGH,7,0.95,LOW,7,0.05,NORMAL,1,0.95,NORMAL,3,0.9,NORMAL,3,0.9,No_Hypovolemia,0,0.92
1190,Hypovolemia,0.5851787208742804,Hypovolemia,FAILURE,HIGH,2,0.95,LOW,6,0.8,LOW,1,0.98,NORMAL,2,0.29,HIGH,1,0.9,LOW,1,0.5,Hypovolemia,0,0.08
1098,No_Hypovolemia,0.9922931642894204,No_Hypovolemia,SUCCESS,NORMAL,1,0.95,HIGH,7,0.95,HIGH,7,0.75,LOW,1,0.04,NORMAL,3,0.9,NORMAL,3,0.9,No_Hypovolemia,0,0.92
1223,No_Hypovolemia,0.9711634242884859,No_Hypovolemia,SUCCESS,LOW,1,0.04,HIGH,7,0.95,LOW,7,0.05,NORMAL,1,0.95,NORMAL,3,0.9,NORMAL,3,0.9,No_Hypovolemia,0,0.92
742,No_Hypovolemia,0.9901369193508084,No_Hypovolemia,SUCCESS,NORMAL,1,0.95,HIGH,7,0.95,NORMAL,7,0.2,NORMAL,1,0.95,NORMAL,3,0.9,NORMAL,3,0.9,No_Hypovolemia,0,0.92
755,No_Hypovolemia,0.986210825937075,No_Hypovolemia,SUCCESS,NORMAL,1,0.95,HIGH,7,0.95,NORMAL,7,0.2,LOW,1,0.04,NORMAL,3,0.9,NORMAL,3,0.9,No_Hypovolemia,0,0.92
1312,No_Hypovolemia,0.9918720815156326,No_Hypovolemia,SUCCESS,NORMAL,1,0.95,HIGH,7,0.95,HIGH,7,0.75,NORMAL,1,0.95,NORMAL,3,0.9,NORMAL,3,0.9,No_Hypovolemia,0,0.92
222,No_Hypovolemia,0.98098943956557,No_Hypovolemia,SUCCESS,LOW,1,0.04,HIGH,7,0.95,NORMAL,7,0.2,NORMAL,1,0.95,NORMAL,3,0.9,NORMAL,3,0.9,No_Hypovolemia,0,0.92
421,No_Hypovolemia,0.5332247729016494,Hypovolemia,FAILURE,HIGH,2,0.95,LOW,6,0.8,NORMAL,1,0.01,NORMAL,2,0.29,HIGH,1,0.9,LOW,1,0.5,Hypovolemia,0,0.08
1258,No_Hypovolemia,0.9777192581982894,No_Hypovolemia,SUCCESS,LOW,1,0.04,HIGH,7,0.95,HIGH,7,0.75,LOW,1,0.04,NORMAL,3,0.9,NORMAL,3,0.9,No_Hypovolemia,0,0.92
585,No_Hypovolemia,0.9886011518572208,No_Hypovolemia,SUCCESS,NORMAL,1,0.95,HIGH,7,0.95,NORMAL,7,0.2,NORMAL,1,0.95,NORMAL,3,0.9,NORMAL,3,0.9,No_Hypovolemia,0,0.92
890,No_Hypovolemia,0.9431499850850243,No_Hypovolemia,SUCCESS,LOW,1,0.04,HIGH,7,0.95,LOW,7,0.05,LOW,1,0.04,NORMAL,3,0.9,NORMAL,3,0.9,No_Hypovolemia,0,0.92
454,No_Hypovolemia,0.9903416140253006,No_Hypovolemia,SUCCESS,LOW,1,0.04,HIGH,7,0.95,HIGH,7,0.75,NORMAL,1,0.95,NORMAL,3,0.9,NORMAL,3,0.9,No_Hypovolemia,0,0.92
77,No_Hypovolemia,0.988768354237352,No_Hypovolemia,SUCCESS,NORMAL,1,0.95,HIGH,7,0.95,NORMAL,7,0.2,NORMAL,1,0.95,NORMAL,3,0.9,NORMAL,3,0.9,No_Hypovolemia,0,0.92
262,No_Hypovolemia,0.9736520904232031,No_Hypovolemia,SUCCESS,LOW,1,0.04,HIGH,7,0.95,LOW,7,0.05,NORMAL,1,0.95,NORMAL,3,0.9,NORMAL,3,0.9,No_Hypovolemia,0,0.92
102,No_Hypovolemia,0.9840752289859651,No_Hypovolemia,SUCCESS,NORMAL,1,0.95,HIGH,7,0.95,LOW,7,0.05,NORMAL,1,0.95,NORMAL,3,0.9,NORMAL,3,0.9,No_Hypovolemia,0,0.92
1117,Hypovolemia,0.6403891863038408,Hypovolemia,SUCCESS,HIGH,2,0.95,LOW,6,0.8,NORMAL,1,0.01,HIGH,2,0.7,HIGH,1,0.9,LOW,1,0.5,Hypovolemia,0,0.08
494,Hypovolemia,0.6783189706076349,Hypovolemia,SUCCESS,HIGH,2,0.95,LOW,6,0.8,LOW,1,0.98,HIGH,2,0.7,HIGH,1,0.9,LOW,1,0.5,Hypovolemia,0,0.08
555,No_Hypovolemia,0.98929556936903,No_Hypovolemia,SUCCESS,NORMAL,1,0.95,HIGH,7,0.95,NORMAL,7,0.2,NORMAL,1,0.95,NORMAL,3,0.9,NORMAL,3,0.9,No_Hypovolemia,0,0.92
1054,No_Hypovolemia,0.9832569713421607,No_Hypovolemia,SUCCESS,NORMAL,1,0.95,HIGH,7,0.95,NORMAL,7,0.2,LOW,1,0.04,NORMAL,3,0.9,NORMAL,3,0.9,No_Hypovolemia,0,0.92
1173,No_Hypovolemia,0.9457414600044407,No_Hypovolemia,SUCCESS,LOW,1,0.04,HIGH,7,0.95,LOW,7,0.05,LOW,1,0.04,NORMAL,3,0.9,NORMAL,3,0.9,No_Hypovolemia,0,0.92
667,No_Hypovolemia,0.9935472657213684,No_Hypovolemia,SUCCESS,NORMAL,1,0.95,HIGH,7,0.95,HIGH,7,0.75,LOW,1,0.04,NORMAL,3,0.9,NORMAL,3,0.9,No_Hypovolemia,0,0.92
248,No_Hypovolemia,0.9872817442335132,No_Hypovolemia,SUCCESS,NORMAL,1,0.95,HIGH,7,0.95,LOW,7,0.05,NORMAL,1,0.95,NORMAL,3,0.9,NORMAL,3,0.9,No_Hypovolemia,0,0.92
45,No_Hypovolemia,0.530572487448363,Hypovolemia,FAILURE,HIGH,2,0.95,LOW,6,0.8,HIGH,1,0.01,HIGH,2,0.7,HIGH,1,0.9,LOW,1,0.5,Hypovolemia,0,0.08
498,No_Hypovolemia,0.9710026946726666,No_Hypovolemia,SUCCESS,LOW,1,0.04,HIGH,7,0.95,LOW,7,0.05,NORMAL,1,0.95,NORMAL,3,0.9,NORMAL,3,0.9,No_Hypovolemia,0,0.92
64,No_Hypovolemia,0.5412391550003254,Hypovolemia,FAILURE,HIGH,2,0.95,LOW,6,0.8,NORMAL,1,0.01,NORMAL,2,0.29,HIGH,1,0.9,LOW,1,0.5,Hypovolemia,0,0.08
1038,Hypovolemia,0.6367474224841687,Hypovolemia,SUCCESS,HIGH,2,0.95,LOW,6,0.8,NORMAL,1,0.01,HIGH,2,0.7,HIGH,1,0.9,LOW,1,0.5,Hypovolemia,0,0.08
52,No_Hypovolemia,0.977759659147096,No_Hypovolemia,SUCCESS,LOW,1,0.04,HIGH,7,0.95,NORMAL,7,0.2,NORMAL,1,0.95,NORMAL,3,0.9,NORMAL,3,0.9,No_Hypovolemia,0,0.92
423,No_Hypovolemia,0.9574483943496995,No_Hypovolemia,SUCCESS,LOW,1,0.04,HIGH,7,0.95,NORMAL,7,0.2,LOW,1,0.04,NORMAL,3,0.9,NORMAL,3,0.9,No_Hypovolemia,0,0.92
429,No_Hypovolemia,0.983871913513463,No_Hypovolemia,SUCCESS,LOW,1,0.04,HIGH,7,0.95,HIGH,7,0.75,LOW,1,0.04,NORMAL,3,0.9,NORMAL,3,0.9,No_Hypovolemia,0,0.92
1073,No_Hypovolemia,0.5235578094327493,Hypovolemia,FAILURE,HIGH,2,0.95,LOW,6,0.8,HIGH,1,0.01,HIGH,2,0.7,HIGH,1,0.9,LOW,1,0.5,Hypovolemia,0,0.08
1279,No_Hypovolemia,0.980064335251627,No_Hypovolemia,SUCCESS,NORMAL,1,0.95,HIGH,7,0.95,LOW,7,0.05,LOW,1,0.04,NORMAL,3,0.9,NORMAL,3,0.9,No_Hypovolemia,0,0.92
463,No_Hypovolemia,0.8856963492785204,No_Hypovolemia,SUCCESS,NORMAL,1,0.95,HIGH,7,0.95,HIGH,7,0.75,HIGH,1,0.01,NORMAL,3,0.9,NORMAL,3,0.9,No_Hypovolemia,0,0.92
1120,No_Hypovolemia,0.8725694285488098,No_Hypovolemia,SUCCESS,NORMAL,1,0.95,HIGH,7,0.95,HIGH,7,0.75,HIGH,1,0.01,NORMAL,3,0.9,NORMAL,3,0.9,No_Hypovolemia,0,0.92
232,No_Hypovolemia,0.6225890384417053,Hypovolemia,FAILURE,HIGH,2,0.95,LOW,6,0.8,HIGH,1,0.01,NORMAL,2,0.29,HIGH,1,0.9,LOW,1,0.5,Hypovolemia,0,0.08
266,No_Hypovolemia,0.9935745932803417,No_Hypovolemia,SUCCESS,NORMAL,1,0.95,HIGH,7,0.95,HIGH,7,0.75,LOW,1,0.04,NORMAL,3,0.9,NORMAL,3,0.9,No_Hypovolemia,0,0.92
366,No_Hypovolemia,0.8830360568383583,No_Hypovolemia,SUCCESS,NORMAL,1,0.95,HIGH,7,0.95,HIGH,7,0.75,HIGH,1,0.01,NORMAL,3,0.9,NORMAL,3,0.9,No_Hypovolemia,0,0.92
719,Hypovolemia,0.6051214051183045,Hypovolemia,SUCCESS,HIGH,2,0.95,LOW,6,0.8,NORMAL,1,0.01,HIGH,2,0.7,HIGH,1,0.9,LOW,1,0.5,Hypovolemia,0,0.08
343,No_Hypovolemia,0.977566963053137,No_Hypovolemia,SUCCESS,LOW,1,0.04,HIGH,7,0.95,HIGH,7,0.75,LOW,1,0.04,NORMAL,3,0.9,NORMAL,3,0.9,No_Hypovolemia,0,0.92
968,No_Hypovolemia,0.9866361345419686,No_Hypovolemia,SUCCESS,NORMAL,1,0.95,HIGH,7,0.95,NORMAL,7,0.2,NORMAL,1,0.95,NORMAL,3,0.9,NORMAL,3,0.9,No_Hypovolemia,0,0.92
975,No_Hypovolemia,0.9939826273491746,No_Hypovolemia,SUCCESS,NORMAL,1,0.95,HIGH,7,0.95,HIGH,7,0.75,NORMAL,1,0.95,NORMAL,3,0.9,NORMAL,3,0.9,No_Hypovolemia,0,0.92
1035,Hypovolemia,0.6403891863038408,Hypovolemia,SUCCESS,HIGH,2,0.95,LOW,6,0.8,NORMAL,1,0.01,HIGH,2,0.7,HIGH,1,0.9,LOW,1,0.5,Hypovolemia,0,0.08
1051,No_Hypovolemia,0.8752200087805605,No_Hypovolemia,SUCCESS,NORMAL,1,0.95,HIGH,7,0.95,HIGH,7,0.75,HIGH,1,0.01,NORMAL,3,0.9,NORMAL,3,0.9,No_Hypovolemia,0,0.92
873,No_Hypovolemia,0.9835450494028768,No_Hypovolemia,SUCCESS,LOW,1,0.04,HIGH,7,0.95,HIGH,7,0.75,LOW,1,0.04,NORMAL,3,0.9,NORMAL,3,0.9,No_Hypovolemia,0,0.92
1133,Hypovolemia,0.6411377591659797,Hypovolemia,SUCCESS,HIGH,2,0.95,LOW,6,0.8,NORMAL,1,0.01,HIGH,2,0.7,HIGH,1,0.9,LOW,1,0.5,Hypovolemia,0,0.08
310,No_Hypovolemia,0.9860472416024566,No_Hypovolemia,SUCCESS,NORMAL,1,0.95,HIGH,7,0.95,NORMAL,7,0.2,LOW,1,0.04,NORMAL,3,0.9,NORMAL,3,0.9,No_Hypovolemia,0,0.92
1139,No_Hypovolemia,0.9711732658766203,No_Hypovolemia,SUCCESS,LOW,1,0.04,HIGH,7,0.95,LOW,7,0.05,NORMAL,1,0.95,NORMAL,3,0.9,NORMAL,3,0.9,No_Hypovolemia,0,0.92
1305,No_Hypovolemia,0.5289549994712177,Hypovolemia,FAILURE,HIGH,2,0.95,LOW,6,0.8,NORMAL,1,0.01,NORMAL,2,0.29,HIGH,1,0.9,LOW,1,0.5,Hypovolemia,0,0.08
345,Hypovolemia,0.5890843492678692,Hypovolemia,FAILURE,HIGH,2,0.95,LOW,6,0.8,NORMAL,1,0.01,HIGH,2,0.7,HIGH,1,0.9,LOW,1,0.5,Hypovolemia,0,0.08
1175,Hypovolemia,0.6037685620092497,Hypovolemia,SUCCESS,HIGH,2,0.95,LOW,6,0.8,NORMAL,1,0.01,HIGH,2,0.7,HIGH,1,0.9,LOW,1,0.5,Hypovolemia,0,0.08
632,No_Hypovolemia,0.87499603368248,No_Hypovolemia,SUCCESS,NORMAL,1,0.95,HIGH,7,0.95,HIGH,7,0.75,HIGH,1,0.01,NORMAL,3,0.9,NORMAL,3,0.9,No_Hypovolemia,0,0.92
1225,No_Hypovolemia,0.5002503699186505,Hypovolemia,FAILURE,HIGH,2,0.95,LOW,6,0.8,HIGH,1,0.01,HIGH,2,0.7,HIGH,1,0.9,LOW,1,0.5,Hypovolemia,0,0.08
1297,No_Hypovolemia,0.5020000967179921,Hypovolemia,FAILURE,HIGH,2,0.95,LOW,6,0.8,HIGH,1,0.01,HIGH,2,0.7,HIGH,1,0.9,LOW,1,0.5,Hypovolemia,0,0.08
536,No_Hypovolemia,0.9711729157007623,No_Hypovolemia,SUCCESS,LOW,1,0.04,HIGH,7,0.95,LOW,7,0.05,NORMAL,1,0.95,NORMAL,3,0.9,NORMAL,3,0.9,No_Hypovolemia,0,0.92
1227,No_Hypovolemia,0.9804931497355154,No_Hypovolemia,SUCCESS,NORMAL,1,0.95,HIGH,7,0.95,LOW,7,0.05,LOW,1,0.04,NORMAL,3,0.9,NORMAL,3,0.9,No_Hypovolemia,0,0.92
66,Hypovolemia,0.5854852528868544,Hypovolemia,FAILURE,HIGH,2,0.95,LOW,6,0.8,NORMAL,1,0.01,HIGH,2,0.7,HIGH,1,0.9,LOW,1,0.5,Hypovolemia,0,0.08
428,Hypovolemia,0.6916734183965689,Hypovolemia,SUCCESS,HIGH,2,0.95,LOW,6,0.8,LOW,1,0.98,HIGH,2,0.7,HIGH,1,0.9,LOW,1,0.5,Hypovolemia,0,0.08
627,No_Hypovolemia,0.9924074340296338,No_Hypovolemia,SUCCESS,NORMAL,1,0.95,HIGH,7,0.95,HIGH,7,0.75,LOW,1,0.04,NORMAL,3,0.9,NORMAL,3,0.9,No_Hypovolemia,0,0.92
880,No_Hypovolemia,0.5026570897569187,Hypovolemia,FAILURE,HIGH,2,0.95,LOW,6,0.8,HIGH,1,0.01,HIGH,2,0.7,HIGH,1,0.9,LOW,1,0.5,Hypovolemia,0,0.08
59,No_Hypovolemia,0.5260143442863606,Hypovolemia,FAILURE,HIGH,2,0.95,LOW,6,0.8,HIGH,1,0.01,HIGH,2,0.7,HIGH,1,0.9,LOW,1,0.5,Hypovolemia,0,0.08
378,Hypovolemia,0.6075845404530458,Hypovolemia,SUCCESS,HIGH,2,0.95,LOW,6,0.8,NORMAL,1,0.01,HIGH,2,0.7,HIGH,1,0.9,LOW,1,0.5,Hypovolemia,0,0.08
768,No_Hypovolemia,0.9779098229365355,No_Hypovolemia,SUCCESS,LOW,1,0.04,HIGH,7,0.95,HIGH,7,0.75,LOW,1,0.04,NORMAL,3,0.9,NORMAL,3,0.9,No_Hypovolemia,0,0.92
193,No_Hypovolemia,0.9923227709414874,No_Hypovolemia,SUCCESS,NORMAL,1,0.95,HIGH,7,0.95,HIGH,7,0.75,LOW,1,0.04,NORMAL,3,0.9,NORMAL,3,0.9,No_Hypovolemia,0,0.92
24,No_Hypovolemia,0.9736079463128774,No_Hypovolemia,SUCCESS,LOW,1,0.04,HIGH,7,0.95,LOW,7,0.05,NORMAL,1,0.95,NORMAL,3,0.9,NORMAL,3,0.9,No_Hypovolemia,0,0.92
1066,No_Hypovolemia,0.9783779826769906,No_Hypovolemia,SUCCESS,LOW,1,0.04,HIGH,7,0.95,LOW,7,0.05,NORMAL,1,0.95,NORMAL,3,0.9,NORMAL,3,0.9,No_Hypovolemia,0,0.92
44,No_Hypovolemia,0.9926161824441458,No_Hypovolemia,SUCCESS,NORMAL,1,0.95,HIGH,7,0.95,HIGH,7,0.75,LOW,1,0.04,NORMAL,3,0.9,NORMAL,3,0.9,No_Hypovolemia,0,0.92
234,No_Hypovolemia,0.9942683675543509,No_Hypovolemia,SUCCESS,NORMAL,1,0.95,HIGH,7,0.95,HIGH,7,0.75,NORMAL,1,0.95,NORMAL,3,0.9,NORMAL,3,0.9,No_Hypovolemia,0,0.92
1282,No_Hypovolemia,0.994074557525834,No_Hypovolemia,SUCCESS,NORMAL,1,0.95,HIGH,7,0.95,HIGH,7,0.75,NORMAL,1,0.95,NORMAL,3,0.9,NORMAL,3,0.9,No_Hypovolemia,0,0.92
221,No_Hypovolemia,0.9905230916057427,No_Hypovolemia,SUCCESS,LOW,1,0.04,HIGH,7,0.95,HIGH,7,0.75,NORMAL,1,0.95,NORMAL,3,0.9,NORMAL,3,0.9,No_Hypovolemia,0,0.92
562,No_Hypovolemia,0.9825162689640888,No_Hypovolemia,SUCCESS,NORMAL,1,0.95,HIGH,7,0.95,LOW,7,0.05,NORMAL,1,0.95,NORMAL,3,0.9,NORMAL,3,0.9,No_Hypovolemia,0,0.92
332,Hypovolemia,0.6859036292389282,Hypovolemia,SUCCESS,HIGH,2,0.95,LOW,6,0.8,LOW,1,0.98,HIGH,2,0.7,HIGH,1,0.9,LOW,1,0.5,Hypovolemia,0,0.08
629,No_Hypovolemia,0.6188321659069193,Hypovolemia,FAILURE,HIGH,2,0.95,LOW,6,0.8,HIGH,1,0.01,NORMAL,2,0.29,HIGH,1,0.9,LOW,1,0.5,Hypovolemia,0,0.08
922,No_Hypovolemia,0.9571508196806414,No_Hypovolemia,SUCCESS,LOW,1,0.04,HIGH,7,0.95,NORMAL,7,0.2,LOW,1,0.04,NORMAL,3,0.9,NORMAL,3,0.9,No_Hypovolemia,0,0.92
1095,No_Hypovolemia,0.9827607229033041,No_Hypovolemia,SUCCESS,NORMAL,1,0.95,HIGH,7,0.95,LOW,7,0.05,NORMAL,1,0.95,NORMAL,3,0.9,NORMAL,3,0.9,No_Hypovolemia,0,0.92
431,Hypovolemia,0.5837431944950461,Hypovolemia,FAILURE,HIGH,2,0.95,LOW,6,0.8,LOW,1,0.98,NORMAL,2,0.29,HIGH,1,0.9,LOW,1,0.5,Hypovolemia,0,0.08
299,No_Hypovolemia,0.9893267813087475,No_Hypovolemia,SUCCESS,LOW,1,0.04,HIGH,7,0.95,HIGH,7,0.75,NORMAL,1,0.95,NORMAL,3,0.9,NORMAL,3,0.9,No_Hypovolemia,0,0.92
662,No_Hypovolemia,0.9779641147897256,No_Hypovolemia,SUCCESS,NORMAL,1,0.95,HIGH,7,0.95,LOW,7,0.05,LOW,1,0.04,NORMAL,3,0.9,NORMAL,3,0.9,No_Hypovolemia,0,0.92
772,No_Hypovolemia,0.9804837896397869,No_Hypovolemia,SUCCESS,NORMAL,1,0.95,HIGH,7,0.95,LOW,7,0.05,LOW,1,0.04,NORMAL,3,0.9,NORMAL,3,0.9,No_Hypovolemia,0,0.92
278,No_Hypovolemia,0.9932599301290316,No_Hypovolemia,SUCCESS,NORMAL,1,0.95,HIGH,7,0.95,HIGH,7,0.75,NORMAL,1,0.95,NORMAL,3,0.9,NORMAL,3,0.9,No_Hypovolemia,0,0.92
1070,No_Hypovolemia,0.9865389079150392,No_Hypovolemia,SUCCESS,NORMAL,1,0.95,HIGH,7,0.95,NORMAL,7,0.2,NORMAL,1,0.95,NORMAL,3,0.9,NORMAL,3,0.9,No_Hypovolemia,0,0.92
1094,No_Hypovolemia,0.9917044940732279,No_Hypovolemia,SUCCESS,NORMAL,1,0.95,HIGH,7,0.95,HIGH,7,0.75,NORMAL,1,0.95,NORMAL,3,0.9,NORMAL,3,0.9,No_Hypovolemia,0,0.92
1114,No_Hypovolemia,0.6392926885395257,Hypovolemia,FAILURE,HIGH,2,0.95,LOW,6,0.8,HIGH,1,0.01,NORMAL,2,0.29,HIGH,1,0.9,LOW,1,0.5,Hypovolemia,0,0.08
255,Hypovolemia,0.6321999102974998,Hypovolemia,SUCCESS,HIGH,2,0.95,LOW,6,0.8,NORMAL,1,0.01,HIGH,2,0.7,HIGH,1,0.9,LOW,1,0.5,Hypovolemia,0,0.08
353,No_Hypovolemia,0.988768354237352,No_Hypovolemia,SUCCESS,NORMAL,1,0.95,HIGH,7,0.95,NORMAL,7,0.2,NORMAL,1,0.95,NORMAL,3,0.9,NORMAL,3,0.9,No_Hypovolemia,0,0.92
712,No_Hypovolemia,0.9799592746176587,No_Hypovolemia,SUCCESS,NORMAL,1,0.95,HIGH,7,0.95,LOW,7,0.05,LOW,1,0.04,NORMAL,3,0.9,NORMAL,3,0.9,No_Hypovolemia,0,0.92
426,No_Hypovolemia,0.5025477424421415,Hypovolemia,FAILURE,HIGH,2,0.95,LOW,6,0.8,HIGH,1,0.01,HIGH,2,0.7,HIGH,1,0.9,LOW,1,0.5,Hypovolemia,0,0.08
1069,No_Hypovolemia,0.9825607845607971,No_Hypovolemia,SUCCESS,NORMAL,1,0.95,HIGH,7,0.95,LOW,7,0.05,NORMAL,1,0.95,NORMAL,3,0.9,NORMAL,3,0.9,No_Hypovolemia,0,0.92
1278,No_Hypovolemia,0.9826411817214258,No_Hypovolemia,SUCCESS,NORMAL,1,0.95,HIGH,7,0.95,LOW,7,0.05,NORMAL,1,0.95,NORMAL,3,0.9,NORMAL,3,0.9,No_Hypovolemia,0,0.92
533,No_Hypovolemia,0.9431812632077696,No_Hypovolemia,SUCCESS,LOW,1,0.04,HIGH,7,0.95,LOW,7,0.05,LOW,1,0.04,NORMAL,3,0.9,NORMAL,3,0.9,No_Hypovolemia,0,0.92
271,No_Hypovolemia,0.9880087404319835,No_Hypovolemia,SUCCESS,NORMAL,1,0.95,HIGH,7,0.95,NORMAL,7,0.2,NORMAL,1,0.95,NORMAL,3,0.9,NORMAL,3,0.9,No_Hypovolemia,0,0.92
33,No_Hypovolemia,0.8813696135700326,No_Hypovolemia,SUCCESS,NORMAL,1,0.95,HIGH,7,0.95,HIGH,7,0.75,HIGH,1,0.01,NORMAL,3,0.9,NORMAL,3,0.9,No_Hypovolemia,0,0.92
740,No_Hypovolemia,0.9831324313628083,No_Hypovolemia,SUCCESS,LOW,1,0.04,HIGH,7,0.95,NORMAL,7,0.2,NORMAL,1,0.95,NORMAL,3,0.9,NORMAL,3,0.9,No_Hypovolemia,0,0.92
760,Hypovolemia,0.5029774802859315,Hypovolemia,FAILURE,HIGH,2,0.95,LOW,6,0.8,LOW,1,0.98,NORMAL,2,0.29,HIGH,1,0.9,LOW,1,0.5,Hypovolemia,0,0.08
1102,No_Hypovolemia,0.5025953989450437,Hypovolemia,FAILURE,HIGH,2,0.95,LOW,6,0.8,HIGH,1,0.01,HIGH,2,0.7,HIGH,1,0.9,LOW,1,0.5,Hypovolemia,0,0.08
82,No_Hypovolemia,0.5238260708637618,Hypovolemia,FAILURE,HIGH,2,0.95,LOW,6,0.8,HIGH,1,0.01,HIGH,2,0.7,HIGH,1,0.9,LOW,1,0.5,Hypovolemia,0,0.08
527,No_Hypovolemia,0.9933426890553769,No_Hypovolemia,SUCCESS,NORMAL,1,0.95,HIGH,7,0.95,HIGH,7,0.75,NORMAL,1,0.95,NORMAL,3,0.9,NORMAL,3,0.9,No_Hypovolemia,0,0.92
411,No_Hypovolemia,0.9799296671517457,No_Hypovolemia,SUCCESS,NORMAL,1,0.95,HIGH,7,0.95,LOW,7,0.05,LOW,1,0.04,NORMAL,3,0.9,NORMAL,3,0.9,No_Hypovolemia,0,0.92
553,No_Hypovolemia,0.9870503262865006,No_Hypovolemia,SUCCESS,NORMAL,1,0.95,HIGH,7,0.95,LOW,7,0.05,NORMAL,1,0.95,NORMAL,3,0.9,NORMAL,3,0.9,No_Hypovolemia,0,0.92
439,Hypovolemia,0.5875510337324297,Hypovolemia,FAILURE,HIGH,2,0.95,LOW,6,0.8,NORMAL,1,0.01,HIGH,2,0.7,HIGH,1,0.9,LOW,1,0.5,Hypovolemia,0,0.08
844,No_Hypovolemia,0.971137530973024,No_Hypovolemia,SUCCESS,LOW,1,0.04,HIGH,7,0.95,LOW,7,0.05,NORMAL,1,0.95,NORMAL,3,0.9,NORMAL,3,0.9,No_Hypovolemia,0,0.92
1036,No_Hypovolemia,0.508998549046049,Hypovolemia,FAILURE,HIGH,2,0.95,LOW,6,0.8,NORMAL,1,0.01,NORMAL,2,0.29,HIGH,1,0.9,LOW,1,0.5,Hypovolemia,0,0.08
818,No_Hypovolemia,0.9624816478339622,No_Hypovolemia,SUCCESS,LOW,1,0.04,HIGH,7,0.95,NORMAL,7,0.2,LOW,1,0.04,NORMAL,3,0.9,NORMAL,3,0.9,No_Hypovolemia,0,0.92
116,No_Hypovolemia,0.5003487895169082,Hypovolemia,FAILURE,HIGH,2,0.95,LOW,6,0.8,HIGH,1,0.01,HIGH,2,0.7,HIGH,1,0.9,LOW,1,0.5,Hypovolemia,0,0.08
479,Hypovolemia,0.5850433601480302,Hypovolemia,FAILURE,HIGH,2,0.95,LOW,6,0.8,LOW,1,0.98,NORMAL,2,0.29,HIGH,1,0.9,LOW,1,0.5,Hypovolemia,0,0.08
886,No_Hypovolemia,0.9892244611411964,No_Hypovolemia,SUCCESS,NORMAL,1,0.95,HIGH,7,0.95,NORMAL,7,0.2,NORMAL,1,0.95,NORMAL,3,0.9,NORMAL,3,0.9,No_Hypovolemia,0,0.92
528,No_Hypovolemia,0.9439685288827225,No_Hypovolemia,SUCCESS,LOW,1,0.04,HIGH,7,0.95,LOW,7,0.05,LOW,1,0.04,NORMAL,3,0.9,NORMAL,3,0.9,No_Hypovolemia,0,0.92
900,No_Hypovolemia,0.5018631686662341,Hypovolemia,FAILURE,HIGH,2,0.95,LOW,6,0.8,HIGH,1,0.01,HIGH,2,0.7,HIGH,1,0.9,LOW,1,0.5,Hypovolemia,0,0.08
965,Hypovolemia,0.5872421824292355,Hypovolemia,FAILURE,HIGH,2,0.95,LOW,6,0.8,NORMAL,1,0.01,HIGH,2,0.7,HIGH,1,0.9,LOW,1,0.5,Hypovolemia,0,0.08
934,No_Hypovolemia,0.9718596624215051,No_Hypovolemia,SUCCESS,LOW,1,0.04,HIGH,7,0.95,LOW,7,0.05,NORMAL,1,0.95,NORMAL,3,0.9,NORMAL,3,0.9,No_Hypovolemia,0,0.92
579,No_Hypovolemia,0.9841495740562949,No_Hypovolemia,SUCCESS,NORMAL,1,0.95,HIGH,7,0.95,LOW,7,0.05,LOW,1,0.04,NORMAL,3,0.9,NORMAL,3,0.9,No_Hypovolemia,0,0.92
410,No_Hypovolemia,0.6281364137823718,Hypovolemia,FAILURE,HIGH,2,0.95,LOW,6,0.8,LOW,1,0.98,LOW,2,0.01,HIGH,1,0.9,LOW,1,0.5,Hypovolemia,0,0.08
1289,No_Hypovolemia,0.9932720509874926,No_Hypovolemia,SUCCESS,NORMAL,1,0.95,HIGH,7,0.95,HIGH,7,0.75,NORMAL,1,0.95,NORMAL,3,0.9,NORMAL,3,0.9,No_Hypovolemia,0,0.92
1198,No_Hypovolemia,0.9933734342787117,No_Hypovolemia,SUCCESS,NORMAL,1,0.95,HIGH,7,0.95,HIGH,7,0.75,NORMAL,1,0.95,NORMAL,3,0.9,NORMAL,3,0.9,No_Hypovolemia,0,0.92
352,No_Hypovolemia,0.9464791198484841,No_Hypovolemia,SUCCESS,LOW,1,0.04,HIGH,7,0.95,LOW,7,0.05,LOW,1,0.04,NORMAL,3,0.9,NORMAL,3,0.9,No_Hypovolemia,0,0.92
260,Hypovolemia,0.5254221881062043,Hypovolemia,FAILURE,HIGH,2,0.95,LOW,6,0.8,NORMAL,1,0.01,NORMAL,2,0.29,HIGH,1,0.9,LOW,1,0.5,Hypovolemia,0,0.08
1294,No_Hypovolemia,0.9838903530068249,No_Hypovolemia,SUCCESS,NORMAL,1,0.95,HIGH,7,0.95,LOW,7,0.05,LOW,1,0.04,NORMAL,3,0.9,NORMAL,3,0.9,No_Hypovolemia,0,0.92
937,No_Hypovolemia,0.9932604043154006,No_Hypovolemia,SUCCESS,NORMAL,1,0.95,HIGH,7,0.95,HIGH,7,0.75,NORMAL,1,0.95,NORMAL,3,0.9,NORMAL,3,0.9,No_Hypovolemia,0,0.92
1257,No_Hypovolemia,0.9431812632077696,No_Hypovolemia,SUCCESS,LOW,1,0.04,HIGH,7,0.95,LOW,7,0.05,LOW,1,0.04,NORMAL,3,0.9,NORMAL,3,0.9,No_Hypovolemia,0,0.92
598,No_Hypovolemia,0.9735493342937487,No_Hypovolemia,SUCCESS,LOW,1,0.04,HIGH,7,0.95,LOW,7,0.05,NORMAL,1,0.95,NORMAL,3,0.9,NORMAL,3,0.9,No_Hypovolemia,0,0.92
606,Hypovolemia,0.61860389289132,Hypovolemia,SUCCESS,HIGH,2,0.95,LOW,6,0.8,LOW,1,0.98,HIGH,2,0.7,HIGH,1,0.9,LOW,1,0.5,Hypovolemia,0,0.08
576,No_Hypovolemia,0.9783345174100687,No_Hypovolemia,SUCCESS,NORMAL,1,0.95,HIGH,7,0.95,LOW,7,0.05,LOW,1,0.04,NORMAL,3,0.9,NORMAL,3,0.9,No_Hypovolemia,0,0.92
757,No_Hypovolemia,0.9891297206811236,No_Hypovolemia,SUCCESS,LOW,1,0.04,HIGH,7,0.95,HIGH,7,0.75,NORMAL,1,0.95,NORMAL,3,0.9,NORMAL,3,0.9,No_Hypovolemia,0,0.92
1085,No_Hypovolemia,0.9935603713119611,No_Hypovolemia,SUCCESS,NORMAL,1,0.95,HIGH,7,0.95,HIGH,7,0.75,NORMAL,1,0.95,NORMAL,3,0.9,NORMAL,3,0.9,No_Hypovolemia,0,0.92
808,Hypovolemia,0.559912339982718,Hypovolemia,FAILURE,HIGH,2,0.95,LOW,6,0.8,LOW,1,0.98,NORMAL,2,0.29,HIGH,1,0.9,LOW,1,0.5,Hypovolemia,0,0.08
550,No_Hypovolemia,0.9940642351823137,No_Hypovolemia,SUCCESS,NORMAL,1,0.95,HIGH,7,0.95,HIGH,7,0.75,NORMAL,1,0.95,NORMAL,3,0.9,NORMAL,3,0.9,No_Hypovolemia,0,0.92
219,Hypovolemia,0.5524408227635875,Hypovolemia,FAILURE,HIGH,2,0.95,LOW,6,0.8,LOW,1,0.98,NORMAL,2,0.29,HIGH,1,0.9,LOW,1,0.5,Hypovolemia,0,0.08
197,No_Hypovolemia,0.9832357742737385,No_Hypovolemia,SUCCESS,NORMAL,1,0.95,HIGH,7,0.95,LOW,7,0.05,NORMAL,1,0.95,NORMAL,3,0.9,NORMAL,3,0.9,No_Hypovolemia,0,0.92
176,No_Hypovolemia,0.6393443368715627,Hypovolemia,FAILURE,HIGH,2,0.95,LOW,6,0.8,HIGH,1,0.01,NORMAL,2,0.29,HIGH,1,0.9,LOW,1,0.5,Hypovolemia,0,0.08
87,No_Hypovolemia,0.9825407451388545,No_Hypovolemia,SUCCESS,NORMAL,1,0.95,HIGH,7,0.95,LOW,7,0.05,NORMAL,1,0.95,NORMAL,3,0.9,NORMAL,3,0.9,No_Hypovolemia,0,0.92
124,No_Hypovolemia,0.9430025061959608,No_Hypovolemia,SUCCESS,LOW,1,0.04,HIGH,7,0.95,LOW,7,0.05,LOW,1,0.04,NORMAL,3,0.9,NORMAL,3,0.9,No_Hypovolemia,0,0.92
535,No_Hypovolemia,0.6394833639569973,Hypovolemia,FAILURE,HIGH,2,0.95,LOW,6,0.8,HIGH,1,0.01,NORMAL,2,0.29,HIGH,1,0.9,LOW,1,0.5,Hypovolemia,0,0.08
297,No_Hypovolemia,0.9896081532876015,No_Hypovolemia,SUCCESS,LOW,1,0.04,HIGH,7,0.95,HIGH,7,0.75,NORMAL,1,0.95,NORMAL,3,0.9,NORMAL,3,0.9,No_Hypovolemia,0,0.92
708,No_Hypovolemia,0.9926130785560674,No_Hypovolemia,SUCCESS,NORMAL,1,0.95,HIGH,7,0.95,HIGH,7,0.75,LOW,1,0.04,NORMAL,3,0.9,NORMAL,3,0.9,No_Hypovolemia,0,0.92
1307,Hypovolemia,0.6847378804744928,Hypovolemia,SUCCESS,HIGH,2,0.95,LOW,6,0.8,LOW,1,0.98,HIGH,2,0.7,HIGH,1,0.9,LOW,1,0.5,Hypovolemia,0,0.08
893,No_Hypovolemia,0.9891026895583768,No_Hypovolemia,SUCCESS,LOW,1,0.04,HIGH,7,0.95,HIGH,7,0.75,NORMAL,1,0.95,NORMAL,3,0.9,NORMAL,3,0.9,No_Hypovolemia,0,0.92
241,No_Hypovolemia,0.9905193960965065,No_Hypovolemia,SUCCESS,LOW,1,0.04,HIGH,7,0.95,HIGH,7,0.75,NORMAL,1,0.95,NORMAL,3,0.9,NORMAL,3,0.9,No_Hypovolemia,0,0.92
1320,No_Hypovolemia,0.6395521426147794,Hypovolemia,FAILURE,HIGH,2,0.95,LOW,6,0.8,HIGH,1,0.01,NORMAL,2,0.29,HIGH,1,0.9,LOW,1,0.5,Hypovolemia,0,0.08
523,No_Hypovolemia,0.978093297824474,No_Hypovolemia,SUCCESS,NORMAL,1,0.95,HIGH,7,0.95,LOW,7,0.05,LOW,1,0.04,NORMAL,3,0.9,NORMAL,3,0.9,No_Hypovolemia,0,0.92
129,Hypovolemia,0.5914634327123193,Hypovolemia,FAILURE,HIGH,2,0.95,LOW,6,0.8,LOW,1,0.98,NORMAL,2,0.29,HIGH,1,0.9,LOW,1,0.5,Hypovolemia,0,0.08
681,No_Hypovolemia,0.9935745932803417,No_Hypovolemia,SUCCESS,NORMAL,1,0.95,HIGH,7,0.95,HIGH,7,0.75,LOW,1,0.04,NORMAL,3,0.9,NORMAL,3,0.9,No_Hypovolemia,0,0.92
773,No_Hypovolemia,0.524158733830387,Hypovolemia,FAILURE,HIGH,2,0.95,LOW,6,0.8,HIGH,1,0.01,HIGH,2,0.7,HIGH,1,0.9,LOW,1,0.5,Hypovolemia,0,0.08
848,No_Hypovolemia,0.502082164623342,Hypovolemia,FAILURE,HIGH,2,0.95,LOW,6,0.8,HIGH,1,0.01,HIGH,2,0.7,HIGH,1,0.9,LOW,1,0.5,Hypovolemia,0,0.08
1210,No_Hypovolemia,0.9934908300990138,No_Hypovolemia,SUCCESS,NORMAL,1,0.95,HIGH,7,0.95,HIGH,7,0.75,NORMAL,1,0.95,NORMAL,3,0.9,NORMAL,3,0.9,No_Hypovolemia,0,0.92
240,No_Hypovolemia,0.6386520149196441,Hypovolemia,FAILURE,HIGH,2,0.95,LOW,6,0.8,HIGH,1,0.01,NORMAL,2,0.29,HIGH,1,0.9,LOW,1,0.5,Hypovolemia,0,0.08
340,No_Hypovolemia,0.9844746256353112,No_Hypovolemia,SUCCESS,NORMAL,1,0.95,HIGH,7,0.95,LOW,7,0.05,NORMAL,1,0.95,NORMAL,3,0.9,NORMAL,3,0.9,No_Hypovolemia,0,0.92
209,No_Hypovolemia,0.9935842904257182,No_Hypovolemia,SUCCESS,NORMAL,1,0.95,HIGH,7,0.95,HIGH,7,0.75,LOW,1,0.04,NORMAL,3,0.9,NORMAL,3,0.9,No_Hypovolemia,0,0.92
1315,Hypovolemia,0.694019340188976,Hypovolemia,SUCCESS,HIGH,2,0.95,LOW,6,0.8,LOW,1,0.98,HIGH,2,0.7,HIGH,1,0.9,LOW,1,0.5,Hypovolemia,0,0.08
803,No_Hypovolemia,0.8138074457537785,No_Hypovolemia,SUCCESS,NORMAL,1,0.95,HIGH,7,0.95,NORMAL,7,0.2,HIGH,1,0.01,NORMAL,3,0.9,NORMAL,3,0.9,No_Hypovolemia,0,0.92
707,No_Hypovolemia,0.9865935199060702,No_Hypovolemia,SUCCESS,NORMAL,1,0.95,HIGH,7,0.95,NORMAL,7,0.2,LOW,1,0.04,NORMAL,3,0.9,NORMAL,3,0.9,No_Hypovolemia,0,0.92
779,No_Hypovolemia,0.5313080755855678,Hypovolemia,FAILURE,HIGH,2,0.95,LOW,6,0.8,NORMAL,1,0.01,NORMAL,2,0.29,HIGH,1,0.9,LOW,1,0.5,Hypovolemia,0,0.08
30,No_Hypovolemia,0.508998549046049,Hypovolemia,FAILURE,HIGH,2,0.95,LOW,6,0.8,NORMAL,1,0.01,NORMAL,2,0.29,HIGH,1,0.9,LOW,1,0.5,Hypovolemia,0,0.08
283,No_Hypovolemia,0.8824357287724416,No_Hypovolemia,SUCCESS,NORMAL,1,0.95,HIGH,7,0.95,HIGH,7,0.75,HIGH,1,0.01,NORMAL,3,0.9,NORMAL,3,0.9,No_Hypovolemia,0,0.92
290,No_Hypovolemia,0.9785633579542836,No_Hypovolemia,SUCCESS,LOW,1,0.04,HIGH,7,0.95,HIGH,7,0.75,LOW,1,0.04,NORMAL,3,0.9,NORMAL,3,0.9,No_Hypovolemia,0,0.92
935,No_Hypovolemia,0.9886206544561418,No_Hypovolemia,SUCCESS,NORMAL,1,0.95,HIGH,7,0.95,NORMAL,7,0.2,NORMAL,1,0.95,NORMAL,3,0.9,NORMAL,3,0.9,No_Hypovolemia,0,0.92
1182,No_Hypovolemia,0.9827605127631747,No_Hypovolemia,SUCCESS,LOW,1,0.04,HIGH,7,0.95,NORMAL,7,0.2,NORMAL,1,0.95,NORMAL,3,0.9,NORMAL,3,0.9,No_Hypovolemia,0,0.92
32,No_Hypovolemia,0.9505003755757442,No_Hypovolemia,SUCCESS,LOW,1,0.04,HIGH,7,0.95,NORMAL,7,0.2,LOW,1,0.04,NORMAL,3,0.9,NORMAL,3,0.9,No_Hypovolemia,0,0.92
1093,No_Hypovolemia,0.9865041292145738,No_Hypovolemia,SUCCESS,LOW,1,0.04,HIGH,7,0.95,HIGH,7,0.75,NORMAL,1,0.95,NORMAL,3,0.9,NORMAL,3,0.9,No_Hypovolemia,0,0.92
568,No_Hypovolemia,0.9940639926889722,No_Hypovolemia,SUCCESS,NORMAL,1,0.95,HIGH,7,0.95,HIGH,7,0.75,NORMAL,1,0.95,NORMAL,3,0.9,NORMAL,3,0.9,No_Hypovolemia,0,0.92
347,No_Hypovolemia,0.5302070820181876,Hypovolemia,FAILURE,HIGH,2,0.95,LOW,6,0.8,HIGH,1,0.01,HIGH,2,0.7,HIGH,1,0.9,LOW,1,0.5,Hypovolemia,0,0.08
1221,No_Hypovolemia,0.8827871903955465,No_Hypovolemia,SUCCESS,NORMAL,1,0.95,HIGH,7,0.95,HIGH,7,0.75,HIGH,1,0.01,NORMAL,3,0.9,NORMAL,3,0.9,No_Hypovolemia,0,0.92
244,No_Hypovolemia,0.9719072328750747,No_Hypovolemia,SUCCESS,LOW,1,0.04,HIGH,7,0.95,LOW,7,0.05,NORMAL,1,0.95,NORMAL,3,0.9,NORMAL,3,0.9,No_Hypovolemia,0,0.92
71,No_Hypovolemia,0.9771455377231005,No_Hypovolemia,SUCCESS,LOW,1,0.04,HIGH,7,0.95,NORMAL,7,0.2,NORMAL,1,0.95,NORMAL,3,0.9,NORMAL,3,0.9,No_Hypovolemia,0,0.92
412,No_Hypovolemia,0.8829002190428814,No_Hypovolemia,SUCCESS,NORMAL,1,0.95,HIGH,7,0.95,HIGH,7,0.75,HIGH,1,0.01,NORMAL,3,0.9,NORMAL,3,0.9,No_Hypovolemia,0,0.92
368,Hypovolemia,0.5985653116954159,Hypovolemia,FAILURE,HIGH,2,0.95,LOW,6,0.8,NORMAL,1,0.01,HIGH,2,0.7,HIGH,1,0.9,LOW,1,0.5,Hypovolemia,0,0.08
1263,No_Hypovolemia,0.9718939033337698,No_Hypovolemia,SUCCESS,LOW,1,0.04,HIGH,7,0.95,LOW,7,0.05,NORMAL,1,0.95,NORMAL,3,0.9,NORMAL,3,0.9,No_Hypovolemia,0,0.92
298,Hypovolemia,0.6924751706740673,Hypovolemia,SUCCESS,HIGH,2,0.95,LOW,6,0.8,LOW,1,0.98,HIGH,2,0.7,HIGH,1,0.9,LOW,1,0.5,Hypovolemia,0,0.08
738,Hypovolemia,0.6718216488122772,Hypovolemia,SUCCESS,HIGH,2,0.95,LOW,6,0.8,LOW,1,0.98,HIGH,2,0.7,HIGH,1,0.9,LOW,1,0.5,Hypovolemia,0,0.08
807,No_Hypovolemia,0.981158583709046,No_Hypovolemia,SUCCESS,NORMAL,1,0.95,HIGH,7,0.95,LOW,7,0.05,LOW,1,0.04,NORMAL,3,0.9,NORMAL,3,0.9,No_Hypovolemia,0,0.92
765,No_Hypovolemia,0.6288990291524954,Hypovolemia,FAILURE,HIGH,2,0.95,LOW,6,0.8,LOW,1,0.98,LOW,2,0.01,HIGH,1,0.9,LOW,1,0.5,Hypovolemia,0,0.08
630,Hypovolemia,0.6062688572393534,Hypovolemia,SUCCESS,HIGH,2,0.95,LOW,6,0.8,NORMAL,1,0.01,HIGH,2,0.7,HIGH,1,0.9,LOW,1,0.5,Hypovolemia,0,0.08
804,No_Hypovolemia,0.5232088190674764,Hypovolemia,FAILURE,HIGH,2,0.95,LOW,6,0.8,HIGH,1,0.01,HIGH,2,0.7,HIGH,1,0.9,LOW,1,0.5,Hypovolemia,0,0.08
573,No_Hypovolemia,0.8826375608805245,No_Hypovolemia,SUCCESS,NORMAL,1,0.95,HIGH,7,0.95,HIGH,7,0.75,HIGH,1,0.01,NORMAL,3,0.9,NORMAL,3,0.9,No_Hypovolemia,0,0.92
49,No_Hypovolemia,0.9833952959185964,No_Hypovolemia,SUCCESS,NORMAL,1,0.95,HIGH,7,0.95,NORMAL,7,0.2,LOW,1,0.04,NORMAL,3,0.9,NORMAL,3,0.9,No_Hypovolemia,0,0.92
114,No_Hypovolemia,0.9889928124626151,No_Hypovolemia,SUCCESS,LOW,1,0.04,HIGH,7,0.95,HIGH,7,0.75,NORMAL,1,0.95,NORMAL,3,0.9,NORMAL,3,0.9,No_Hypovolemia,0,0.92
156,No_Hypovolemia,0.9940455651019497,No_Hypovolemia,SUCCESS,NORMAL,1,0.95,HIGH,7,0.95,HIGH,7,0.75,NORMAL,1,0.95,NORMAL,3,0.9,NORMAL,3,0.9,No_Hypovolemia,0,0.92
292,Hypovolemia,0.5198880352855331,Hypovolemia,FAILURE,HIGH,2,0.95,LOW,6,0.8,LOW,1,0.98,NORMAL,2,0.29,HIGH,1,0.9,LOW,1,0.5,Hypovolemia,0,0.08
1089,No_Hypovolemia,0.9826244984808683,No_Hypovolemia,SUCCESS,NORMAL,1,0.95,HIGH,7,0.95,LOW,7,0.05,NORMAL,1,0.95,NORMAL,3,0.9,NORMAL,3,0.9,No_Hypovolemia,0,0.92
372,No_Hypovolemia,0.9870214637687694,No_Hypovolemia,SUCCESS,NORMAL,1,0.95,HIGH,7,0.95,NORMAL,7,0.2,NORMAL,1,0.95,NORMAL,3,0.9,NORMAL,3,0.9,No_Hypovolemia,0,0.92
882,No_Hypovolemia,0.8829945141768174,No_Hypovolemia,SUCCESS,NORMAL,1,0.95,HIGH,7,0.95,HIGH,7,0.75,HIGH,1,0.01,NORMAL,3,0.9,NORMAL,3,0.9,No_Hypovolemia,0,0.92
970,No_Hypovolemia,0.9897975243289732,No_Hypovolemia,SUCCESS,NORMAL,1,0.95,HIGH,7,0.95,NORMAL,7,0.2,NORMAL,1,0.95,NORMAL,3,0.9,NORMAL,3,0.9,No_Hypovolemia,0,0.92
383,Hypovolemia,0.5852007100185418,Hypovolemia,FAILURE,HIGH,2,0.95,LOW,6,0.8,LOW,1,0.98,NORMAL,2,0.29,HIGH,1,0.9,LOW,1,0.5,Hypovolemia,0,0.08
1310,No_Hypovolemia,0.9865942419232185,No_Hypovolemia,SUCCESS,NORMAL,1,0.95,HIGH,7,0.95,NORMAL,7,0.2,NORMAL,1,0.95,NORMAL,3,0.9,NORMAL,3,0.9,No_Hypovolemia,0,0.92
1000,No_Hypovolemia,0.9713665988724713,No_Hypovolemia,SUCCESS,LOW,1,0.04,HIGH,7,0.95,LOW,7,0.05,NORMAL,1,0.95,NORMAL,3,0.9,NORMAL,3,0.9,No_Hypovolemia,0,0.92
364,No_Hypovolemia,0.9431528908797214,No_Hypovolemia,SUCCESS,LOW,1,0.04,HIGH,7,0.95,LOW,7,0.05,LOW,1,0.04,NORMAL,3,0.9,NORMAL,3,0.9,No_Hypovolemia,0,0.92
199,No_Hypovolemia,0.9919377792231419,No_Hypovolemia,SUCCESS,NORMAL,1,0.95,HIGH,7,0.95,HIGH,7,0.75,NORMAL,1,0.95,NORMAL,3,0.9,NORMAL,3,0.9,No_Hypovolemia,0,0.92
717,No_Hypovolemia,0.9887092101343218,No_Hypovolemia,SUCCESS,NORMAL,1,0.95,HIGH,7,0.95,NORMAL,7,0.2,NORMAL,1,0.95,NORMAL,3,0.9,NORMAL,3,0.9,No_Hypovolemia,0,0.92
583,No_Hypovolemia,0.9741438640414142,No_Hypovolemia,SUCCESS,LOW,1,0.04,HIGH,7,0.95,LOW,7,0.05,NORMAL,1,0.95,NORMAL,3,0.9,NORMAL,3,0.9,No_Hypovolemia,0,0.92
645,No_Hypovolemia,0.9892244611411964,No_Hypovolemia,SUCCESS,NORMAL,1,0.95,HIGH,7,0.95,NORMAL,7,0.2,NORMAL,1,0.95,NORMAL,3,0.9,NORMAL,3,0.9,No_Hypovolemia,0,0.92
434,Hypovolemia,0.5790454758447201,Hypovolemia,FAILURE,HIGH,2,0.95,LOW,6,0.8,LOW,1,0.98,NORMAL,2,0.29,HIGH,1,0.9,LOW,1,0.5,Hypovolemia,0,0.08
108,No_Hypovolemia,0.8274247031700764,No_Hypovolemia,SUCCESS,NORMAL,1,0.95,HIGH,7,0.95,NORMAL,7,0.2,HIGH,1,0.01,NORMAL,3,0.9,NORMAL,3,0.9,No_Hypovolemia,0,0.92
1136,No_Hypovolemia,0.9933927041949849,No_Hypovolemia,SUCCESS,NORMAL,1,0.95,HIGH,7,0.95,HIGH,7,0.75,LOW,1,0.04,NORMAL,3,0.9,NORMAL,3,0.9,No_Hypovolemia,0,0.92
1313,No_Hypovolemia,0.9933734342787117,No_Hypovolemia,SUCCESS,NORMAL,1,0.95,HIGH,7,0.95,HIGH,7,0.75,NORMAL,1,0.95,NORMAL,3,0.9,NORMAL,3,0.9,No_Hypovolemia,0,0.92
1079,No_Hypovolemia,0.8733478685266683,No_Hypovolemia,SUCCESS,NORMAL,1,0.95,HIGH,7,0.95,HIGH,7,0.75,HIGH,1,0.01,NORMAL,3,0.9,NORMAL,3,0.9,No_Hypovolemia,0,0.92
1062,No_Hypovolemia,0.990535619152461,No_Hypovolemia,SUCCESS,LOW,1,0.04,HIGH,7,0.95,HIGH,7,0.75,NORMAL,1,0.95,NORMAL,3,0.9,NORMAL,3,0.9,No_Hypovolemia,0,0.92
1207,No_Hypovolemia,0.5081615415624701,Hypovolemia,FAILURE,HIGH,2,0.95,LOW,6,0.8,NORMAL,1,0.01,NORMAL,2,0.29,HIGH,1,0.9,LOW,1,0.5,Hypovolemia,0,0.08
1254,No_Hypovolemia,0.9826411817214258,No_Hypovolemia,SUCCESS,NORMAL,1,0.95,HIGH,7,0.95,LOW,7,0.05,NORMAL,1,0.95,NORMAL,3,0.9,NORMAL,3,0.9,No_Hypovolemia,0,0.92
351,No_Hypovolemia,0.9887198441239987,No_Hypovolemia,SUCCESS,NORMAL,1,0.95,HIGH,7,0.95,NORMAL,7,0.2,NORMAL,1,0.95,NORMAL,3,0.9,NORMAL,3,0.9,No_Hypovolemia,0,0.92
1218,Hypovolemia,0.6034809635057448,Hypovolemia,SUCCESS,HIGH,2,0.95,LOW,6,0.8,NORMAL,1,0.01,HIGH,2,0.7,HIGH,1,0.9,LOW,1,0.5,Hypovolemia,0,0.08
615,No_Hypovolemia,0.9430359201326212,No_Hypovolemia,SUCCESS,LOW,1,0.04,HIGH,7,0.95,LOW,7,0.05,LOW,1,0.04,NORMAL,3,0.9,NORMAL,3,0.9,No_Hypovolemia,0,0.92
1202,No_Hypovolemia,0.9710056203288423,No_Hypovolemia,SUCCESS,LOW,1,0.04,HIGH,7,0.95,LOW,7,0.05,NORMAL,1,0.95,NORMAL,3,0.9,NORMAL,3,0.9,No_Hypovolemia,0,0.92
868,No_Hypovolemia,0.9881003930253173,No_Hypovolemia,SUCCESS,NORMAL,1,0.95,HIGH,7,0.95,LOW,7,0.05,NORMAL,1,0.95,NORMAL,3,0.9,NORMAL,3,0.9,No_Hypovolemia,0,0.92
603,No_Hypovolemia,0.9940899418844217,No_Hypovolemia,SUCCESS,NORMAL,1,0.95,HIGH,7,0.95,HIGH,7,0.75,NORMAL,1,0.95,NORMAL,3,0.9,NORMAL,3,0.9,No_Hypovolemia,0,0.92
480,No_Hypovolemia,0.9870684580190862,No_Hypovolemia,SUCCESS,NORMAL,1,0.95,HIGH,7,0.95,LOW,7,0.05,NORMAL,1,0.95,NORMAL,3,0.9,NORMAL,3,0.9,No_Hypovolemia,0,0.92
813,Hypovolemia,0.6925716523671311,Hypovolemia,SUCCESS,HIGH,2,0.95,LOW,6,0.8,LOW,1,0.98,HIGH,2,0.7,HIGH,1,0.9,LOW,1,0.5,Hypovolemia,0,0.08
1028,No_Hypovolemia,0.983822478218656,No_Hypovolemia,SUCCESS,LOW,1,0.04,HIGH,7,0.95,HIGH,7,0.75,LOW,1,0.04,NORMAL,3,0.9,NORMAL,3,0.9,No_Hypovolemia,0,0.92
169,No_Hypovolemia,0.9525424555096008,No_Hypovolemia,SUCCESS,LOW,1,0.04,HIGH,7,0.95,LOW,7,0.05,LOW,1,0.04,NORMAL,3,0.9,NORMAL,3,0.9,No_Hypovolemia,0,0.92
1195,No_Hypovolemia,0.9513559167091812,No_Hypovolemia,SUCCESS,LOW,1,0.04,HIGH,7,0.95,NORMAL,7,0.2,LOW,1,0.04,NORMAL,3,0.9,NORMAL,3,0.9,No_Hypovolemia,0,0.92
702,No_Hypovolemia,0.9780723983822132,No_Hypovolemia,SUCCESS,NORMAL,1,0.95,HIGH,7,0.95,LOW,7,0.05,LOW,1,0.04,NORMAL,3,0.9,NORMAL,3,0.9,No_Hypovolemia,0,0.92
245,Hypovolemia,0.676082845775956,Hypovolemia,SUCCESS,HIGH,2,0.95,LOW,6,0.8,LOW,1,0.98,HIGH,2,0.7,HIGH,1,0.9,LOW,1,0.5,Hypovolemia,0,0.08
986,No_Hypovolemia,0.6393443368715627,Hypovolemia,FAILURE,HIGH,2,0.95,LOW,6,0.8,HIGH,1,0.01,NORMAL,2,0.29,HIGH,1,0.9,LOW,1,0.5,Hypovolemia,0,0.08
504,No_Hypovolemia,0.9933381012206485,No_Hypovolemia,SUCCESS,NORMAL,1,0.95,HIGH,7,0.95,HIGH,7,0.75,NORMAL,1,0.95,NORMAL,3,0.9,NORMAL,3,0.9,No_Hypovolemia,0,0.92
359,No_Hypovolemia,0.9776163398847965,No_Hypovolemia,SUCCESS,LOW,1,0.04,HIGH,7,0.95,NORMAL,7,0.2,NORMAL,1,0.95,NORMAL,3,0.9,NORMAL,3,0.9,No_Hypovolemia,0,0.92
954,No_Hypovolemia,0.5020656966594175,Hypovolemia,FAILURE,HIGH,2,0.95,LOW,6,0.8,HIGH,1,0.01,HIGH,2,0.7,HIGH,1,0.9,LOW,1,0.5,Hypovolemia,0,0.08
655,No_Hypovolemia,0.990535619152461,No_Hypovolemia,SUCCESS,LOW,1,0.04,HIGH,7,0.95,HIGH,7,0.75,NORMAL,1,0.95,NORMAL,3,0.9,NORMAL,3,0.9,No_Hypovolemia,0,0.92
175,Hypovolemia,0.5990084486388957,Hypovolemia,FAILURE,HIGH,2,0.95,LOW,6,0.8,NORMAL,1,0.01,HIGH,2,0.7,HIGH,1,0.9,LOW,1,0.5,Hypovolemia,0,0.08
644,Hypovolemia,0.6352731117994578,Hypovolemia,SUCCESS,HIGH,2,0.95,LOW,6,0.8,LOW,1,0.98,HIGH,2,0.7,HIGH,1,0.9,LOW,1,0.5,Hypovolemia,0,0.08
1101,No_Hypovolemia,0.9874284432967666,No_Hypovolemia,SUCCESS,NORMAL,1,0.95,HIGH,7,0.95,NORMAL,7,0.2,LOW,1,0.04,NORMAL,3,0.9,NORMAL,3,0.9,No_Hypovolemia,0,0.92
1149,No_Hypovolemia,0.9770589342785493,No_Hypovolemia,SUCCESS,LOW,1,0.04,HIGH,7,0.95,NORMAL,7,0.2,NORMAL,1,0.95,NORMAL,3,0.9,NORMAL,3,0.9,No_Hypovolemia,0,0.92
1084,Hypovolemia,0.6082455184288035,Hypovolemia,SUCCESS,HIGH,2,0.95,LOW,6,0.8,NORMAL,1,0.01,HIGH,2,0.7,HIGH,1,0.9,LOW,1,0.5,Hypovolemia,0,0.08
55,No_Hypovolemia,0.6455444983944822,Hypovolemia,FAILURE,HIGH,2,0.95,LOW,6,0.8,HIGH,1,0.01,NORMAL,2,0.29,HIGH,1,0.9,LOW,1,0.5,Hypovolemia,0,0.08
910,No_Hypovolemia,0.9934389254900727,No_Hypovolemia,SUCCESS,NORMAL,1,0.95,HIGH,7,0.95,HIGH,7,0.75,NORMAL,1,0.95,NORMAL,3,0.9,NORMAL,3,0.9,No_Hypovolemia,0,0.92
323,No_Hypovolemia,0.9608353650736504,No_Hypovolemia,SUCCESS,LOW,1,0.04,HIGH,7,0.95,NORMAL,7,0.2,LOW,1,0.04,NORMAL,3,0.9,NORMAL,3,0.9,No_Hypovolemia,0,0.92
778,No_Hypovolemia,0.9835450494028768,No_Hypovolemia,SUCCESS,LOW,1,0.04,HIGH,7,0.95,HIGH,7,0.75,LOW,1,0.04,NORMAL,3,0.9,NORMAL,3,0.9,No_Hypovolemia,0,0.92
57,No_Hypovolemia,0.9845066226267134,No_Hypovolemia,SUCCESS,NORMAL,1,0.95,HIGH,7,0.95,LOW,7,0.05,NORMAL,1,0.95,NORMAL,3,0.9,NORMAL,3,0.9,No_Hypovolemia,0,0.92
1145,No_Hypovolemia,0.6396525822705293,Hypovolemia,FAILURE,HIGH,2,0.95,LOW,6,0.8,HIGH,1,0.01,NORMAL,2,0.29,HIGH,1,0.9,LOW,1,0.5,Hypovolemia,0,0.08
728,Hypovolemia,0.6050105729832381,Hypovolemia,SUCCESS,HIGH,2,0.95,LOW,6,0.8,NORMAL,1,0.01,HIGH,2,0.7,HIGH,1,0.9,LOW,1,0.5,Hypovolemia,0,0.08
164,No_Hypovolemia,0.9827949410432935,No_Hypovolemia,SUCCESS,LOW,1,0.04,HIGH,7,0.95,NORMAL,7,0.2,NORMAL,1,0.95,NORMAL,3,0.9,NORMAL,3,0.9,No_Hypovolemia,0,0.92
110,No_Hypovolemia,0.9832159922114222,No_Hypovolemia,SUCCESS,NORMAL,1,0.95,HIGH,7,0.95,NORMAL,7,0.2,LOW,1,0.04,NORMAL,3,0.9,NORMAL,3,0.9,No_Hypovolemia,0,0.92
763,No_Hypovolemia,0.9811648906631844,No_Hypovolemia,SUCCESS,NORMAL,1,0.95,HIGH,7,0.95,LOW,7,0.05,LOW,1,0.04,NORMAL,3,0.9,NORMAL,3,0.9,No_Hypovolemia,0,0.92
815,Hypovolemia,0.591382775263138,Hypovolemia,FAILURE,HIGH,2,0.95,LOW,6,0.8,LOW,1,0.98,NORMAL,2,0.29,HIGH,1,0.9,LOW,1,0.5,Hypovolemia,0,0.08
827,Hypovolemia,0.6308243081936917,Hypovolemia,SUCCESS,HIGH,2,0.95,LOW,6,0.8,NORMAL,1,0.01,HIGH,2,0.7,HIGH,1,0.9,LOW,1,0.5,Hypovolemia,0,0.08
1033,No_Hypovolemia,0.9717852362046269,No_Hypovolemia,SUCCESS,LOW,1,0.04,HIGH,7,0.95,LOW,7,0.05,NORMAL,1,0.95,NORMAL,3,0.9,NORMAL,3,0.9,No_Hypovolemia,0,0.92
515,No_Hypovolemia,0.9876653679968637,No_Hypovolemia,SUCCESS,NORMAL,1,0.95,HIGH,7,0.95,NORMAL,7,0.2,LOW,1,0.04,NORMAL,3,0.9,NORMAL,3,0.9,No_Hypovolemia,0,0.92
817,No_Hypovolemia,0.9935444837649297,No_Hypovolemia,SUCCESS,NORMAL,1,0.95,HIGH,7,0.95,HIGH,7,0.75,LOW,1,0.04,NORMAL,3,0.9,NORMAL,3,0.9,No_Hypovolemia,0,0.92
276,No_Hypovolemia,0.9812890517187779,No_Hypovolemia,SUCCESS,LOW,1,0.04,HIGH,7,0.95,NORMAL,7,0.2,NORMAL,1,0.95,NORMAL,3,0.9,NORMAL,3,0.9,No_Hypovolemia,0,0.92
1286,No_Hypovolemia,0.9866446172900809,No_Hypovolemia,SUCCESS,NORMAL,1,0.95,HIGH,7,0.95,NORMAL,7,0.2,NORMAL,1,0.95,NORMAL,3,0.9,NORMAL,3,0.9,No_Hypovolemia,0,0.92
747,Hypovolemia,0.587060825089422,Hypovolemia,FAILURE,HIGH,2,0.95,LOW,6,0.8,NORMAL,1,0.01,HIGH,2,0.7,HIGH,1,0.9,LOW,1,0.5,Hypovolemia,0,0.08
824,No_Hypovolemia,0.52397620176966,Hypovolemia,FAILURE,HIGH,2,0.95,LOW,6,0.8,HIGH,1,0.01,HIGH,2,0.7,HIGH,1,0.9,LOW,1,0.5,Hypovolemia,0,0.08
1014,Hypovolemia,0.6433614654429265,Hypovolemia,SUCCESS,HIGH,2,0.95,LOW,6,0.8,NORMAL,1,0.01,HIGH,2,0.7,HIGH,1,0.9,LOW,1,0.5,Hypovolemia,0,0.08
1004,No_Hypovolemia,0.9577625218407787,No_Hypovolemia,SUCCESS,LOW,1,0.04,HIGH,7,0.95,NORMAL,7,0.2,LOW,1,0.04,NORMAL,3,0.9,NORMAL,3,0.9,No_Hypovolemia,0,0.92
953,Hypovolemia,0.6036501443609984,Hypovolemia,SUCCESS,HIGH,2,0.95,LOW,6,0.8,NORMAL,1,0.01,HIGH,2,0.7,HIGH,1,0.9,LOW,1,0.5,Hypovolemia,0,0.08
543,No_Hypovolemia,0.993858834210375,No_Hypovolemia,SUCCESS,NORMAL,1,0.95,HIGH,7,0.95,HIGH,7,0.75,LOW,1,0.04,NORMAL,3,0.9,NORMAL,3,0.9,No_Hypovolemia,0,0.92
171,No_Hypovolemia,0.9828395944464583,No_Hypovolemia,SUCCESS,NORMAL,1,0.95,HIGH,7,0.95,LOW,7,0.05,NORMAL,1,0.95,NORMAL,3,0.9,NORMAL,3,0.9,No_Hypovolemia,0,0.92
599,Hypovolemia,0.5885905396208975,Hypovolemia,FAILURE,HIGH,2,0.95,LOW,6,0.8,NORMAL,1,0.01,HIGH,2,0.7,HIGH,1,0.9,LOW,1,0.5,Hypovolemia,0,0.08
931,Hypovolemia,0.5804841717953569,Hypovolemia,FAILURE,HIGH,2,0.95,LOW,6,0.8,NORMAL,1,0.01,HIGH,2,0.7,HIGH,1,0.9,LOW,1,0.5,Hypovolemia,0,0.08
210,Hypovolemia,0.5673221246076278,Hypovolemia,FAILURE,HIGH,2,0.95,LOW,6,0.8,LOW,1,0.98,NORMAL,2,0.29,HIGH,1,0.9,LOW,1,0.5,Hypovolemia,0,0.08
539,No_Hypovolemia,0.9532160155418221,No_Hypovolemia,SUCCESS,LOW,1,0.04,HIGH,7,0.95,LOW,7,0.05,LOW,1,0.04,NORMAL,3,0.9,NORMAL,3,0.9,No_Hypovolemia,0,0.92
141,No_Hypovolemia,0.9788527226732283,No_Hypovolemia,SUCCESS,NORMAL,1,0.95,HIGH,7,0.95,LOW,7,0.05,LOW,1,0.04,NORMAL,3,0.9,NORMAL,3,0.9,No_Hypovolemia,0,0.92
913,No_Hypovolemia,0.9867291281141479,No_Hypovolemia,SUCCESS,NORMAL,1,0.95,HIGH,7,0.95,NORMAL,7,0.2,NORMAL,1,0.95,NORMAL,3,0.9,NORMAL,3,0.9,No_Hypovolemia,0,0.92
1005,Hypovolemia,0.6424424670254739,Hypovolemia,SUCCESS,HIGH,2,0.95,LOW,6,0.8,NORMAL,1,0.01,HIGH,2,0.7,HIGH,1,0.9,LOW,1,0.5,Hypovolemia,0,0.08
200,No_Hypovolemia,0.6194170147314524,Hypovolemia,FAILURE,HIGH,2,0.95,LOW,6,0.8,HIGH,1,0.01,NORMAL,2,0.29,HIGH,1,0.9,LOW,1,0.5,Hypovolemia,0,0.08
313,No_Hypovolemia,0.9940326585475717,No_Hypovolemia,SUCCESS,NORMAL,1,0.95,HIGH,7,0.95,HIGH,7,0.75,NORMAL,1,0.95,NORMAL,3,0.9,NORMAL,3,0.9,No_Hypovolemia,0,0.92
1232,No_Hypovolemia,0.9525274462972455,No_Hypovolemia,SUCCESS,LOW,1,0.04,HIGH,7,0.95,LOW,7,0.05,LOW,1,0.04,NORMAL,3,0.9,NORMAL,3,0.9,No_Hypovolemia,0,0.92
406,No_Hypovolemia,0.9861427809219648,No_Hypovolemia,SUCCESS,NORMAL,1,0.95,HIGH,7,0.95,NORMAL,7,0.2,LOW,1,0.04,NORMAL,3,0.9,NORMAL,3,0.9,No_Hypovolemia,0,0.92
11,No_Hypovolemia,0.9838209380467294,No_Hypovolemia,SUCCESS,NORMAL,1,0.95,HIGH,7,0.95,LOW,7,0.05,LOW,1,0.04,NORMAL,3,0.9,NORMAL,3,0.9,No_Hypovolemia,0,0.92
148,No_Hypovolemia,0.9554661179229464,No_Hypovolemia,SUCCESS,LOW,1,0.04,HIGH,7,0.95,LOW,7,0.05,LOW,1,0.04,NORMAL,3,0.9,NORMAL,3,0.9,No_Hypovolemia,0,0.92
1215,No_Hypovolemia,0.9888329613261434,No_Hypovolemia,SUCCESS,NORMAL,1,0.95,HIGH,7,0.95,NORMAL,7,0.2,NORMAL,1,0.95,NORMAL,3,0.9,NORMAL,3,0.9,No_Hypovolemia,0,0.92
430,No_Hypovolemia,0.9838621403058697,No_Hypovolemia,SUCCESS,NORMAL,1,0.95,HIGH,7,0.95,LOW,7,0.05,LOW,1,0.04,NORMAL,3,0.9,NORMAL,3,0.9,No_Hypovolemia,0,0.92
845,No_Hypovolemia,0.9607609875689312,No_Hypovolemia,SUCCESS,LOW,1,0.04,HIGH,7,0.95,NORMAL,7,0.2,LOW,1,0.04,NORMAL,3,0.9,NORMAL,3,0.9,No_Hypovolemia,0,0.92
721,No_Hypovolemia,0.9890055066793533,No_Hypovolemia,SUCCESS,LOW,1,0.04,HIGH,7,0.95,HIGH,7,0.75,NORMAL,1,0.95,NORMAL,3,0.9,NORMAL,3,0.9,No_Hypovolemia,0,0.92
375,No_Hypovolemia,0.9800634294199726,No_Hypovolemia,SUCCESS,NORMAL,1,0.95,HIGH,7,0.95,LOW,7,0.05,LOW,1,0.04,NORMAL,3,0.9,NORMAL,3,0.9,No_Hypovolemia,0,0.92
567,No_Hypovolemia,0.6293179360373796,Hypovolemia,FAILURE,HIGH,2,0.95,LOW,6,0.8,LOW,1,0.98,LOW,2,0.01,HIGH,1,0.9,LOW,1,0.5,Hypovolemia,0,0.08
395,Hypovolemia,0.6889286361023973,Hypovolemia,SUCCESS,HIGH,2,0.95,LOW,6,0.8,LOW,1,0.98,HIGH,2,0.7,HIGH,1,0.9,LOW,1,0.5,Hypovolemia,0,0.08
819,No_Hypovolemia,0.9940615966769972,No_Hypovolemia,SUCCESS,NORMAL,1,0.95,HIGH,7,0.95,HIGH,7,0.75,NORMAL,1,0.95,NORMAL,3,0.9,NORMAL,3,0.9,No_Hypovolemia,0,0.92
874,No_Hypovolemia,0.9826471368190607,No_Hypovolemia,SUCCESS,NORMAL,1,0.95,HIGH,7,0.95,LOW,7,0.05,NORMAL,1,0.95,NORMAL,3,0.9,NORMAL,3,0.9,No_Hypovolemia,0,0.92
136,No_Hypovolemia,0.9935842904257182,No_Hypovolemia,SUCCESS,NORMAL,1,0.95,HIGH,7,0.95,HIGH,7,0.75,LOW,1,0.04,NORMAL,3,0.9,NORMAL,3,0.9,No_Hypovolemia,0,0.92
304,No_Hypovolemia,0.5081471057771413,Hypovolemia,FAILURE,HIGH,2,0.95,LOW,6,0.8,NORMAL,1,0.01,NORMAL,2,0.29,HIGH,1,0.9,LOW,1,0.5,Hypovolemia,0,0.08
362,No_Hypovolemia,0.9780936298216656,No_Hypovolemia,SUCCESS,NORMAL,1,0.95,HIGH,7,0.95,LOW,7,0.05,LOW,1,0.04,NORMAL,3,0.9,NORMAL,3,0.9,No_Hypovolemia,0,0.92
999,No_Hypovolemia,0.9838905518919148,No_Hypovolemia,SUCCESS,LOW,1,0.04,HIGH,7,0.95,HIGH,7,0.75,LOW,1,0.04,NORMAL,3,0.9,NORMAL,3,0.9,No_Hypovolemia,0,0.92
887,Hypovolemia,0.5652020607339349,Hypovolemia,FAILURE,HIGH,2,0.95,LOW,6,0.8,LOW,1,0.98,NORMAL,2,0.29,HIGH,1,0.9,LOW,1,0.5,Hypovolemia,0,0.08
472,No_Hypovolemia,0.5355323930269613,Hypovolemia,FAILURE,HIGH,2,0.95,LOW,6,0.8,NORMAL,1,0.01,NORMAL,2,0.29,HIGH,1,0.9,LOW,1,0.5,Hypovolemia,0,0.08
159,No_Hypovolemia,0.9899864809410354,No_Hypovolemia,SUCCESS,NORMAL,1,0.95,HIGH,7,0.95,NORMAL,7,0.2,NORMAL,1,0.95,NORMAL,3,0.9,NORMAL,3,0.9,No_Hypovolemia,0,0.92
652,No_Hypovolemia,0.9513559167091812,No_Hypovolemia,SUCCESS,LOW,1,0.04,HIGH,7,0.95,NORMAL,7,0.2,LOW,1,0.04,NORMAL,3,0.9,NORMAL,3,0.9,No_Hypovolemia,0,0.92
1147,No_Hypovolemia,0.9897697630696625,No_Hypovolemia,SUCCESS,NORMAL,1,0.95,HIGH,7,0.95,NORMAL,7,0.2,NORMAL,1,0.95,NORMAL,3,0.9,NORMAL,3,0.9,No_Hypovolemia,0,0.92
909,No_Hypovolemia,0.9933133992777412,No_Hypovolemia,SUCCESS,NORMAL,1,0.95,HIGH,7,0.95,HIGH,7,0.75,NORMAL,1,0.95,NORMAL,3,0.9,NORMAL,3,0.9,No_Hypovolemia,0,0.92
381,No_Hypovolemia,0.9734835582457299,No_Hypovolemia,SUCCESS,LOW,1,0.04,HIGH,7,0.95,LOW,7,0.05,NORMAL,1,0.95,NORMAL,3,0.9,NORMAL,3,0.9,No_Hypovolemia,0,0.92
631,No_Hypovolemia,0.9787338779200562,No_Hypovolemia,SUCCESS,LOW,1,0.04,HIGH,7,0.95,HIGH,7,0.75,LOW,1,0.04,NORMAL,3,0.9,NORMAL,3,0.9,No_Hypovolemia,0,0.92
843,No_Hypovolemia,0.9908952719506878,No_Hypovolemia,SUCCESS,LOW,1,0.04,HIGH,7,0.95,HIGH,7,0.75,NORMAL,1,0.95,NORMAL,3,0.9,NORMAL,3,0.9,No_Hypovolemia,0,0.92
905,Hypovolemia,0.6066350972791538,Hypovolemia,SUCCESS,HIGH,2,0.95,LOW,6,0.8,NORMAL,1,0.01,HIGH,2,0.7,HIGH,1,0.9,LOW,1,0.5,Hypovolemia,0,0.08
586,Hypovolemia,0.5789269348867849,Hypovolemia,FAILURE,HIGH,2,0.95,LOW,6,0.8,LOW,1,0.98,NORMAL,2,0.29,HIGH,1,0.9,LOW,1,0.5,Hypovolemia,0,0.08
97,Hypovolemia,0.6461131884279235,Hypovolemia,SUCCESS,HIGH,2,0.95,LOW,6,0.8,NORMAL,1,0.01,HIGH,2,0.7,HIGH,1,0.9,LOW,1,0.5,Hypovolemia,0,0.08
789,No_Hypovolemia,0.9773260208153511,No_Hypovolemia,SUCCESS,LOW,1,0.04,HIGH,7,0.95,HIGH,7,0.75,LOW,1,0.04,NORMAL,3,0.9,NORMAL,3,0.9,No_Hypovolemia,0,0.92
307,No_Hypovolemia,0.9935513408019863,No_Hypovolemia,SUCCESS,NORMAL,1,0.95,HIGH,7,0.95,HIGH,7,0.75,LOW,1,0.04,NORMAL,3,0.9,NORMAL,3,0.9,No_Hypovolemia,0,0.92
1128,No_Hypovolemia,0.6311472323779361,Hypovolemia,FAILURE,HIGH,2,0.95,LOW,6,0.8,LOW,1,0.98,LOW,2,0.01,HIGH,1,0.9,LOW,1,0.5,Hypovolemia,0,0.08
448,No_Hypovolemia,0.9838903530068249,No_Hypovolemia,SUCCESS,NORMAL,1,0.95,HIGH,7,0.95,LOW,7,0.05,LOW,1,0.04,NORMAL,3,0.9,NORMAL,3,0.9,No_Hypovolemia,0,0.92
157,No_Hypovolemia,0.5000873256437804,Hypovolemia,FAILURE,HIGH,2,0.95,LOW,6,0.8,HIGH,1,0.01,HIGH,2,0.7,HIGH,1,0.9,LOW,1,0.5,Hypovolemia,0,0.08
468,No_Hypovolemia,0.982640877874001,No_Hypovolemia,SUCCESS,NORMAL,1,0.95,HIGH,7,0.95,LOW,7,0.05,NORMAL,1,0.95,NORMAL,3,0.9,NORMAL,3,0.9,No_Hypovolemia,0,0.92
1154,Hypovolemia,0.609042572083337,Hypovolemia,SUCCESS,HIGH,2,0.95,LOW,6,0.8,NORMAL,1,0.01,HIGH,2,0.7,HIGH,1,0.9,LOW,1,0.5,Hypovolemia,0,0.08
554,No_Hypovolemia,0.9435059447479397,No_Hypovolemia,SUCCESS,LOW,1,0.04,HIGH,7,0.95,LOW,7,0.05,LOW,1,0.04,NORMAL,3,0.9,NORMAL,3,0.9,No_Hypovolemia,0,0.92
1160,No_Hypovolemia,0.988516447046019,No_Hypovolemia,SUCCESS,NORMAL,1,0.95,HIGH,7,0.95,NORMAL,7,0.2,NORMAL,1,0.95,NORMAL,3,0.9,NORMAL,3,0.9,No_Hypovolemia,0,0.92
1184,No_Hypovolemia,0.988862538474144,No_Hypovolemia,SUCCESS,NORMAL,1,0.95,HIGH,7,0.95,NORMAL,7,0.2,NORMAL,1,0.95,NORMAL,3,0.9,NORMAL,3,0.9,No_Hypovolemia,0,0.92
866,Hypovolemia,0.5834094978599244,Hypovolemia,FAILURE,HIGH,2,0.95,LOW,6,0.8,LOW,1,0.98,NORMAL,2,0.29,HIGH,1,0.9,LOW,1,0.5,Hypovolemia,0,0.08
991,No_Hypovolemia,0.9886761643500126,No_Hypovolemia,SUCCESS,NORMAL,1,0.95,HIGH,7,0.95,NORMAL,7,0.2,NORMAL,1,0.95,NORMAL,3,0.9,NORMAL,3,0.9,No_Hypovolemia,0,0.92
1116,No_Hypovolemia,0.8163601904011282,No_Hypovolemia,SUCCESS,NORMAL,1,0.95,HIGH,7,0.95,NORMAL,7,0.2,HIGH,1,0.01,NORMAL,3,0.9,NORMAL,3,0.9,No_Hypovolemia,0,0.92
317,No_Hypovolemia,0.5121502353340615,Hypovolemia,FAILURE,HIGH,2,0.95,LOW,6,0.8,NORMAL,1,0.01,NORMAL,2,0.29,HIGH,1,0.9,LOW,1,0.5,Hypovolemia,0,0.08
971,No_Hypovolemia,0.9719072328750747,No_Hypovolemia,SUCCESS,LOW,1,0.04,HIGH,7,0.95,LOW,7,0.05,NORMAL,1,0.95,NORMAL,3,0.9,NORMAL,3,0.9,No_Hypovolemia,0,0.92
309,Hypovolemia,0.586838902890638,Hypovolemia,FAILURE,HIGH,2,0.95,LOW,6,0.8,LOW,1,0.98,NORMAL,2,0.29,HIGH,1,0.9,LOW,1,0.5,Hypovolemia,0,0.08
399,No_Hypovolemia,0.9829177986021596,No_Hypovolemia,SUCCESS,LOW,1,0.04,HIGH,7,0.95,NORMAL,7,0.2,NORMAL,1,0.95,NORMAL,3,0.9,NORMAL,3,0.9,No_Hypovolemia,0,0.92
483,Hypovolemia,0.5863433735701823,Hypovolemia,FAILURE,HIGH,2,0.95,LOW,6,0.8,LOW,1,0.98,NORMAL,2,0.29,HIGH,1,0.9,LOW,1,0.5,Hypovolemia,0,0.08
1316,No_Hypovolemia,0.6192483138807109,Hypovolemia,FAILURE,HIGH,2,0.95,LOW,6,0.8,HIGH,1,0.01,NORMAL,2,0.29,HIGH,1,0.9,LOW,1,0.5,Hypovolemia,0,0.08
680,No_Hypovolemia,0.9904886924572401,No_Hypovolemia,SUCCESS,LOW,1,0.04,HIGH,7,0.95,HIGH,7,0.75,NORMAL,1,0.95,NORMAL,3,0.9,NORMAL,3,0.9,No_Hypovolemia,0,0.92
916,No_Hypovolemia,0.9786750396247893,No_Hypovolemia,SUCCESS,NORMAL,1,0.95,HIGH,7,0.95,LOW,7,0.05,LOW,1,0.04,NORMAL,3,0.9,NORMAL,3,0.9,No_Hypovolemia,0,0.92
622,No_Hypovolemia,0.8262087520220783,No_Hypovolemia,SUCCESS,NORMAL,1,0.95,HIGH,7,0.95,NORMAL,7,0.2,HIGH,1,0.01,NORMAL,3,0.9,NORMAL,3,0.9,No_Hypovolemia,0,0.92
1002,No_Hypovolemia,0.945961833539386,No_Hypovolemia,SUCCESS,LOW,1,0.04,HIGH,7,0.95,LOW,7,0.05,LOW,1,0.04,NORMAL,3,0.9,NORMAL,3,0.9,No_Hypovolemia,0,0.92
179,No_Hypovolemia,0.882379111117612,No_Hypovolemia,SUCCESS,NORMAL,1,0.95,HIGH,7,0.95,HIGH,7,0.75,HIGH,1,0.01,NORMAL,3,0.9,NORMAL,3,0.9,No_Hypovolemia,0,0.92
288,No_Hypovolemia,0.6228055692392476,Hypovolemia,FAILURE,HIGH,2,0.95,LOW,6,0.8,HIGH,1,0.01,NORMAL,2,0.29,HIGH,1,0.9,LOW,1,0.5,Hypovolemia,0,0.08
1273,Hypovolemia,0.5156148115488295,Hypovolemia,FAILURE,HIGH,2,0.95,LOW,6,0.8,LOW,1,0.98,NORMAL,2,0.29,HIGH,1,0.9,LOW,1,0.5,Hypovolemia,0,0.08
1100,No_Hypovolemia,0.6234455132352937,Hypovolemia,FAILURE,HIGH,2,0.95,LOW,6,0.8,HIGH,1,0.01,NORMAL,2,0.29,HIGH,1,0.9,LOW,1,0.5,Hypovolemia,0,0.08
295,No_Hypovolemia,0.9871809039628248,No_Hypovolemia,SUCCESS,NORMAL,1,0.95,HIGH,7,0.95,NORMAL,7,0.2,LOW,1,0.04,NORMAL,3,0.9,NORMAL,3,0.9,No_Hypovolemia,0,0.92
